TANGGAL,JML_KSO,JML_KRO,JML_TBHIV,JML_TBDM,JML_SPS,JML_SPG,JML_SPM,JML_SPL,JML_SPP,JML_FASKES,JML_PENDUDUK,JML_SUMK,PTPT,PTSMA,PTSMP,PTSD,PTTK,PRS_JAMBAN,PRS_AML,PRS_LLan,PRS_LLis,PRS_Ven
2021-01-01,28,0,0,0,108,0,8,284,1,16,"287,71","2.472.144,09",1774,11747,15127,32494,6008,84,88,93,88,88
2021-02-01,30,0,0,1,108,0,8,284,1,16,"287,71","2.472.144,09",1774,11747,15127,32494,6008,84,88,93,88,88
2021-03-01,35,0,1,3,108,0,8,284,1,16,"287,71","2.472.144,09",1774,11747,15127,32494,6008,84,88,93,88,88
2021-04-01,30,0,1,2,108,0,8,284,1,16,"287,71","2.472.144,09",1774,11747,15127,32494,6008,84,88,93,88,88
2021-05-01,24,0,0,0,108,0,8,284,1,16,"287,71","2.472.144,09",1774,11747,15127,32494,6008,84,88,93,88,88
2021-06-01,37,0,0,1,108,0,8,284,1,16,"287,71","2.472.144,09",1774,11747,15127,32494,6008,84,88,93,88,88
2021-07-01,33,0,0,0,108,0,8,284,1,16,"287,71","2.472.144,09",1774,11747,15127,32494,6008,84,88,93,88,88
2021-08-01,37,0,0,1,108,0,8,284,1,16,"287,71","2.472.144,09",1774,11747,15127,32494,6008,84,88,93,88,88
2021-09-01,28,0,1,0,108,0,8,284,1,16,"287,71","2.472.144,09",1774,11747,15127,32494,6008,84,88,93,88,88
2021-10-01,35,0,0,3,108,0,8,284,1,16,"287,71","2.472.144,09",1774,11747,15127,32494,6008,84,88,93,88,88
2021-11-01,42,0,2,0,108,0,8,284,1,16,"287,71","2.472.144,09",1774,11747,15127,32494,6008,84,88,93,88,88
2021-12-01,34,0,0,1,108,0,8,284,1,16,"287,71","2.472.144,09",1774,11747,15127,32494,6008,84,88,93,88,88
2022-01-01,38,0,1,1,290,2,18,250,4,16,"289,62","2.673.569,00",0,11379,15350,32113,6390,84,92,98,76,98
2022-02-01,32,0,1,0,290,2,18,250,4,16,"289,62","2.673.569,00",0,11379,15350,32113,6390,84,92,98,76,98
2022-03-01,41,0,1,5,290,2,18,250,4,16,"289,62","2.673.569,00",0,11379,15350,32113,6390,84,92,98,76,98
2022-04-01,33,0,0,1,290,2,18,250,4,16,"289,62","2.673.569,00",0,11379,15350,32113,6390,84,92,98,76,98
2022-05-01,50,0,0,2,290,2,18,250,4,16,"289,62","2.673.569,00",0,11379,15350,32113,6390,84,92,98,76,98
2022-06-01,39,0,0,1,290,2,18,250,4,16,"289,62","2.673.569,00",0,11379,15350,32113,6390,84,92,98,76,98
2022-07-01,38,0,0,2,290,2,18,250,4,16,"289,62","2.673.569,00",0,11379,15350,32113,6390,84,92,98,76,98
2022-08-01,39,0,0,3,290,2,18,250,4,16,"289,62","2.673.569,00",0,11379,15350,32113,6390,84,92,98,76,98
2022-09-01,48,0,1,2,290,2,18,250,4,16,"289,62","2.673.569,00",0,11379,15350,32113,6390,84,92,98,76,98
2022-10-01,28,0,1,2,290,2,18,250,4,16,"289,62","2.673.569,00",0,11379,15350,32113,6390,84,92,98,76,98
2022-11-01,27,0,0,1,290,2,18,250,4,16,"289,62","2.673.569,00",0,11379,15350,32113,6390,84,92,98,76,98
2022-12-01,18,0,0,0,290,2,18,250,4,16,"289,62","2.673.569,00",0,11379,15350,32113,6390,84,92,98,76,98
2023-01-01,36,0,0,3,300,2,220,270,10,18,"295,48","2.667.690,09",97,12086,15838,31970,6305,82,90,97,78,98
2023-02-01,35,0,0,0,300,2,220,270,10,18,"295,48","2.667.690,09",97,12086,15838,31970,6305,82,90,97,78,98
2023-03-01,44,0,0,1,300,2,220,270,10,18,"295,48","2.667.690,09",97,12086,15838,31970,6305,82,90,97,78,98
2023-04-01,22,0,1,3,300,2,220,270,10,18,"295,48","2.667.690,09",97,12086,15838,31970,6305,82,90,97,78,98
2023-05-01,36,0,1,2,300,2,220,270,10,18,"295,48","2.667.690,09",97,12086,15838,31970,6305,82,90,97,78,98
2023-06-01,24,0,0,2,300,2,220,270,10,18,"295,48","2.667.690,09",97,12086,15838,31970,6305,82,90,97,78,98
2023-07-01,26,0,1,2,300,2,220,270,10,18,"295,48","2.667.690,09",97,12086,15838,31970,6305,82,90,97,78,98
2023-08-01,29,0,1,2,300,2,220,270,10,18,"295,48","2.667.690,09",97,12086,15838,31970,6305,82,90,97,78,98
2023-09-01,34,0,1,0,300,2,220,270,10,18,"295,48","2.667.690,09",97,12086,15838,31970,6305,82,90,97,78,98
2023-10-01,26,1,0,0,300,2,220,270,10,18,"295,48","2.667.690,09",97,12086,15838,31970,6305,82,90,97,78,98
2023-11-01,32,0,1,1,300,2,220,270,10,18,"295,48","2.667.690,09",97,12086,15838,31970,6305,82,90,97,78,98
2023-12-01,21,0,0,2,300,2,220,270,10,18,"295,48","2.667.690,09",97,12086,15838,31970,6305,82,90,97,78,98
2024-01-01,46,0,1,2,117,0,6,252,1,24,"298,7","2.716.497,00",158,12802,16258,31276,6307,83,90,97,79,96
2024-02-01,36,0,0,2,117,0,6,252,1,24,"298,7","2.716.497,00",158,12802,16258,31276,6307,83,90,97,79,96
2024-03-01,42,0,1,0,117,0,6,252,1,24,"298,7","2.716.497,00",158,12802,16258,31276,6307,83,90,97,79,96
2024-04-01,33,0,2,0,117,0,6,252,1,24,"298,7","2.716.497,00",158,12802,16258,31276,6307,83,90,97,79,96
2024-05-01,57,0,0,3,117,0,6,252,1,24,"298,7","2.716.497,00",158,12802,16258,31276,6307,83,90,97,79,96
2024-06-01,42,0,1,1,117,0,6,252,1,24,"298,7","2.716.497,00",158,12802,16258,31276,6307,83,90,97,79,96
2024-07-01,40,0,2,2,117,0,6,252,1,24,"298,7","2.716.497,00",158,12802,16258,31276,6307,83,90,97,79,96
2024-08-01,27,0,0,1,117,0,6,252,1,24,"298,7","2.716.497,00",158,12802,16258,31276,6307,83,90,97,79,96
2024-09-01,42,0,1,0,117,0,6,252,1,24,"298,7","2.716.497,00",158,12802,16258,31276,6307,83,90,97,79,96
2024-10-01,29,0,0,1,117,0,6,252,1,24,"298,7","2.716.497,00",158,12802,16258,31276,6307,83,90,97,79,96
2024-11-01,28,1,0,1,117,0,6,252,1,24,"298,7","2.716.497,00",158,12802,16258,31276,6307,83,90,97,79,96
2024-12-01,35,0,0,1,117,0,6,252,1,24,"298,7","2.716.497,00",158,12802,16258,31276,6307,83,90,97,79,96
2025-01-01,38,0,0,1,127,2,10,53,8,24,"301,79","2.893.070,00",234,13519,16260,30888,6718,83,90,97,78,97
2025-02-01,24,1,0,1,127,2,10,53,8,24,"301,79","2.893.070,00",234,13519,16260,30888,6718,83,90,97,78,97
2025-03-01,25,0,1,1,127,2,10,53,8,24,"301,79","2.893.070,00",234,13519,16260,30888,6718,83,90,97,78,97
2025-04-01,23,0,0,0,127,2,10,53,8,24,"301,79","2.893.070,00",234,13519,16260,30888,6718,83,90,97,78,97
2025-05-01,28,0,0,1,127,2,10,53,8,24,"301,79","2.893.070,00",234,13519,16260,30888,6718,83,90,97,78,97
2025-06-01,33,0,0,0,127,2,10,53,8,24,"301,79","2.893.070,00",234,13519,16260,30888,6718,83,90,97,78,97
2025-07-01,8,0,0,0,127,2,10,53,8,24,"301,79","2.893.070,00",234,13519,16260,30888,6718,83,90,97,78,97
2025-08-01,29,0,0,0,127,2,10,53,8,24,"301,79","2.893.070,00",234,13519,16260,30888,6718,83,90,97,78,97
2025-09-01,25,0,0,0,127,2,10,53,8,24,"301,79","2.893.070,00",234,13519,16260,30888,6718,83,90,97,78,97
2025-10-01,22,1,0,0,127,2,10,53,8,24,"301,79","2.893.070,00",234,13519,16260,30888,6718,83,90,97,78,97
2025-11-01,34,0,0,0,127,2,10,53,8,24,"301,79","2.893.070,00",234,13519,16260,30888,6718,83,90,97,78,97
2025-12-01,33,1,0,1,127,2,10,53,8,24,"301,79","2.893.070,00",234,13519,16260,30888,6718,83,90,97,78,97